id,value
möte,
möte.almedalen,
möte.almedalen.område1,
möte.almedalen.område1.fråga1,
möte.almedalen.område1.fråga1.förslag,
möte.almedalen.område1.fråga1.förslag.1,20
möte.almedalen.område1.fråga1.förslag.2,20
möte.almedalen.område1.fråga1.förslag.3,20
möte.almedalen.område1.fråga1.förslag.4,20
möte.almedalen.område1.fråga1.förslag.5,20
möte.almedalen.område1.fråga1.förslag.6,20
möte.almedalen.område1.fråga1.förslag.7,20
möte.almedalen.område1.fråga1.förslag.8,20
möte.almedalen.område1.fråga1.förslag.9,20
möte.almedalen.område1.fråga1.förslag.10,20
möte.almedalen.område1.fråga1.förslag.11,20
möte.almedalen.område1.fråga1.förslag.12,20
möte.almedalen.område1.fråga1.förslag.13,20
möte.almedalen.område1.fråga1.förslag.14,20
möte.almedalen.område1.fråga1.förslag.15,20
möte.almedalen.område1.fråga1.diskussion,
möte.almedalen.område1.fråga1.diskussion.1,20
möte.almedalen.område1.fråga1.diskussion.2,20
möte.almedalen.område1.fråga1.diskussion.3,20
möte.almedalen.område1.fråga1.diskussion.4,20
möte.almedalen.område1.fråga1.diskussion.5,20
möte.almedalen.område1.fråga2,
möte.almedalen.område1.fråga2.förslag,
möte.almedalen.område1.fråga2.förslag.1,20
möte.almedalen.område1.fråga2.förslag.2,20
möte.almedalen.område1.fråga2.förslag.3,20
möte.almedalen.område1.fråga2.förslag.4,20
möte.almedalen.område1.fråga2.förslag.5,20
möte.almedalen.område1.fråga2.förslag.6,20
möte.almedalen.område1.fråga2.förslag.7,20
möte.almedalen.område1.fråga2.förslag.8,20
möte.almedalen.område1.fråga2.förslag.9,20
möte.almedalen.område1.fråga2.förslag.10,20
möte.almedalen.område1.fråga2.förslag.11,20
möte.almedalen.område1.fråga2.förslag.12,20
möte.almedalen.område1.fråga2.förslag.13,20
möte.almedalen.område1.fråga2.förslag.14,20
möte.almedalen.område1.fråga2.förslag.15,20
möte.almedalen.område1.fråga2.förslag.16,20
möte.almedalen.område1.fråga2.förslag.17,20
möte.almedalen.område1.fråga2.förslag.18,20
möte.almedalen.område1.fråga2.förslag.19,20
möte.almedalen.område1.fråga2.diskussion,
möte.almedalen.område1.fråga2.diskussion.1,20
möte.almedalen.område1.fråga2.diskussion.2,20
möte.almedalen.område1.fråga2.diskussion.3,20
möte.almedalen.område1.fråga2.diskussion.4,20
möte.almedalen.område1.fråga2.diskussion.5,20
möte.almedalen.område1.fråga2.diskussion.6,20
möte.almedalen.område1.fråga2.diskussion.7,20
möte.almedalen.område1.fråga2.diskussion.8,20
möte.almedalen.område1.fråga2.diskussion.9,20
möte.almedalen.område1.fråga2.diskussion.10,20
möte.almedalen.område2,
möte.almedalen.område2.fråga1,
möte.almedalen.område2.fråga1.förslag,
möte.almedalen.område2.fråga1.förslag.1,20
möte.almedalen.område2.fråga1.förslag.2,20
möte.almedalen.område2.fråga1.förslag.3,20
möte.almedalen.område2.fråga1.förslag.4,20
möte.almedalen.område2.fråga1.förslag.5,20
möte.almedalen.område2.fråga1.förslag.6,20
möte.almedalen.område2.fråga1.förslag.7,20
möte.almedalen.område2.fråga1.förslag.8,20
möte.almedalen.område2.fråga1.diskussion,
möte.almedalen.område2.fråga1.diskussion.1,20
möte.almedalen.område2.fråga1.diskussion.2,20
möte.almedalen.område2.fråga1.diskussion.3,20
möte.almedalen.område2.fråga1.diskussion.4,20
möte.almedalen.område2.fråga1.diskussion.5,20
möte.almedalen.område2.fråga1.diskussion.6,20
möte.almedalen.område3,
möte.almedalen.område2.fråga2,
möte.almedalen.område2.fråga2.förslag,
möte.almedalen.område2.fråga2.förslag.1,20
möte.almedalen.område2.fråga2.förslag.2,20
möte.almedalen.område2.fråga2.förslag.3,20
möte.almedalen.område2.fråga2.förslag.4,20
möte.almedalen.område2.fråga2.förslag.5,20
möte.almedalen.område2.fråga2.förslag.6,20
möte.almedalen.område2.fråga2.förslag.7,20
möte.almedalen.område2.fråga2.förslag.8,20
möte.almedalen.område2.fråga2.förslag.9,20
möte.almedalen.område2.fråga2.förslag.10,20
möte.almedalen.område2.fråga2.förslag.11,20
möte.almedalen.område2.fråga2.förslag.12,20
möte.almedalen.område2.fråga2.diskussion,
möte.almedalen.område2.fråga2.diskussion.1,20
möte.almedalen.område2.fråga2.diskussion.2,20
möte.almedalen.område2.fråga2.diskussion.3,20
möte.almedalen.område2.fråga2.diskussion.4,20
möte.almedalen.område2.fråga2.diskussion.5,20
möte.almedalen.område2.fråga2.diskussion.6,20
möte.almedalen.område2.fråga2.diskussion.7,20
möte.almedalen.område2.fråga2.diskussion.9,20
möte.almedalen.område2.fråga2.diskussion.10,20
möte.almedalen.område2.fråga2.diskussion.11,20
möte.almedalen.område2.fråga2.diskussion.12,20
möte.almedalen.område2.fråga2.diskussion.13,20
möte.almedalen.område3.fråga1,
möte.almedalen.område3.fråga1.förslag,
möte.almedalen.område3.fråga1.förslag.1,20
möte.almedalen.område3.fråga1.förslag.2,20
möte.almedalen.område3.fråga1.förslag.3,20
möte.almedalen.område3.fråga1.förslag.4,20
möte.almedalen.område3.fråga1.förslag.5,20
möte.almedalen.område3.fråga1.förslag.6,20
möte.almedalen.område3.fråga1.förslag.7,20
möte.almedalen.område3.fråga1.förslag.8,20
möte.almedalen.område3.fråga1.förslag.9,20
möte.almedalen.område3.fråga1.förslag.10,20
möte.almedalen.område3.fråga1.förslag.11,20
möte.almedalen.område3.fråga1.förslag.12,20
möte.almedalen.område3.fråga1.förslag.13,20
möte.almedalen.område3.fråga1.förslag.14,20
möte.almedalen.område3.fråga1.förslag.15,20
möte.almedalen.område3.fråga1.förslag.16,20
möte.almedalen.område3.fråga1.förslag.17,20
möte.almedalen.område3.fråga1.förslag.18,20
möte.almedalen.område3.fråga1.förslag.19,20
möte.almedalen.område3.fråga1.förslag.20,20
möte.almedalen.område3.fråga1.förslag.21,20
möte.almedalen.område3.fråga1.förslag.22,20
möte.almedalen.område3.fråga1.förslag.23,20
möte.almedalen.område3.fråga1.förslag.24,20
möte.almedalen.område3.fråga1.förslag.25,20
möte.almedalen.område3.fråga1.diskussion,
möte.almedalen.område3.fråga1.diskussion.1,20
möte.almedalen.område3.fråga1.diskussion.2,20
möte.almedalen.område3.fråga1.diskussion.3,20
möte.almedalen.område3.fråga1.diskussion.4,20
möte.almedalen.område3.fråga1.diskussion.5,20
möte.almedalen.område3.fråga1.diskussion.6,20
möte.almedalen.område3.fråga1.diskussion.7,20
möte.almedalen.område3.fråga1.diskussion.8,20
möte.almedalen.område3.fråga1.diskussion.9,20
möte.almedalen.område3.fråga2,
möte.almedalen.område3.fråga2.förslag,
möte.almedalen.område3.fråga2.förslag.1,20
möte.almedalen.område3.fråga2.förslag.2,20
möte.almedalen.område3.fråga2.förslag.3,20
möte.almedalen.område3.fråga2.förslag.4,20
möte.almedalen.område3.fråga2.förslag.5,20
möte.almedalen.område3.fråga2.förslag.6,20
möte.almedalen.område3.fråga2.diskussion,
möte.almedalen.område3.fråga2.diskussion.1,20
möte.almedalen.område3.fråga2.diskussion.2,20
möte.almedalen.område3.fråga2.diskussion.3,20
möte.almedalen.område3.fråga2.diskussion.4,20
möte.almedalen.område3.fråga2.diskussion.5,20
möte.almedalen.område3.fråga2.diskussion.6,20
möte.almedalen.område3.fråga2.diskussion.7,20
möte.almedalen.ordetfritt,
möte.almedalen.ordetfritt.förslag,
möte.almedalen.ordetfritt.diskussion,
möte.almedalen.ordetfritt.diskussion.1,20
möte.almedalen.ordetfritt.diskussion.2,20
möte.almedalen.ordetfritt.diskussion.3,20
